{
    "N": [
        100000.0,
        1000000.0,
        10000000.0,
        100000000.0,
        1000000000.0
    ],
    "num_exp": 5,
    "experiment1": {
        "eps": 0.1,
        "b": [
            5,
            5,
            5,
            5,
            5
        ],
        "k": [
            31,
            31,
            31,
            31,
            31
        ],
        "mem": [
            1.15234375,
            1.15234375,
            1.15234375,
            1.15234375,
            1.15234375
        ],
        "q": [
            null,
            null,
            null,
            null,
            null
        ],
        "time": [
            null,
            null,
            null,
            null,
            null
        ]
    },
    "experiment2": {
        "eps": 0.05,
        "b": [
            5,
            5,
            5,
            5,
            5
        ],
        "k": [
            76,
            76,
            76,
            76,
            76
        ],
        "mem": [
            2.03125,
            2.03125,
            2.03125,
            2.03125,
            2.03125
        ],
        "q": [
            null,
            null,
            null,
            null,
            null
        ],
        "time": [
            null,
            null,
            null,
            null,
            null
        ]
    },
    "experiment3": {
        "eps": 0.01,
        "b": [
            7,
            12,
            6,
            6,
            6
        ],
        "k": [
            217,
            229,
            472,
            472,
            472
        ],
        "mem": [
            6.69921875,
            12.046875,
            11.71875,
            11.71875,
            11.71875
        ],
        "q": [
            null,
            null,
            null,
            null,
            null
        ],
        "time": [
            null,
            null,
            null,
            null,
            null
        ]
    },
    "experiment4": {
        "eps": 0.005,
        "b": [
            3,
            8,
            7,
            7,
            7
        ],
        "k": [
            953,
            583,
            937,
            937,
            937
        ],
        "mem": [
            11.49609375,
            19.09375,
            26.38671875,
            26.38671875,
            26.38671875
        ],
        "q": [
            null,
            null,
            null,
            null,
            null
        ],
        "time": [
            null,
            null,
            null,
            null,
            null
        ]
    },
    "experiment5": {
        "eps": 0.001,
        "b": [
            3,
            5,
            5,
            9,
            9
        ],
        "k": [
            2778,
            3031,
            5495,
            4114,
            4943
        ],
        "mem": [
            32.8828125,
            59.74609375,
            107.87109375,
            145.6171875,
            174.76171875
        ],
        "q": [
            null,
            null,
            null,
            null,
            null
        ],
        "time": [
            null,
            null,
            null,
            null,
            null
        ]
    }
}