{
    "N": [
        100000.0,
        1000000.0
    ],
    "num_exp": 5,
    "experiment1": {
        "eps": 0.1,
        "b": [
            5,
            5,
            5,
            5,
            5
        ],
        "k": [
            31,
            31,
            31,
            31,
            31
        ],
        "mem": [
            1.7578125,
            1.7578125
        ],
        "q": [
            480,
            499
        ],
        "time": [
            2.6729423999786377,
            28.6778244972229
        ]
    },
    "experiment2": {
        "eps": 0.05,
        "b": [
            5,
            5,
            5,
            5,
            5
        ],
        "k": [
            76,
            76,
            76,
            76,
            76
        ],
        "mem": [
            3.515625,
            3.515625
        ],
        "q": [
            498,
            490
        ],
        "time": [
            2.2554683685302734,
            24.609431505203247
        ]
    },
    "experiment3": {
        "eps": 0.01,
        "b": [
            7,
            12,
            6,
            6,
            6
        ],
        "k": [
            217,
            229,
            472,
            472,
            472
        ],
        "mem": [
            12.6328125,
            22.78125
        ],
        "q": [
            499,
            500
        ],
        "time": [
            1.9413049221038818,
            20.265387773513794
        ]
    },
    "experiment4": {
        "eps": 0.005,
        "b": [
            3,
            8,
            7,
            7,
            7
        ],
        "k": [
            953,
            583,
            937,
            937,
            937
        ],
        "mem": [
            22.6640625,
            37.3125
        ],
        "q": [
            497,
            499
        ],
        "time": [
            2.261587619781494,
            20.057273626327515
        ]
    },
    "experiment5": {
        "eps": 0.001,
        "b": [
            3,
            5,
            5,
            9,
            9
        ],
        "k": [
            2778,
            3031,
            5495,
            4114,
            4943
        ],
        "mem": [
            65.4375,
            118.9453125
        ],
        "q": [
            502,
            499
        ],
        "time": [
            1.5560128688812256,
            14.719544649124146
        ]
    }
}